wals code,name,value,description,genus,family,,
huc,Err:520,4,No dominant order,Err:520,Kxa,,
aar,Aari,1,Postpositions,South Omotic,Afro-Asiatic,,
aba,Abau,1,Postpositions,Upper Sepik,Sepik,,
abi,Abipón,2,Prepositions,South Guaicuruan,Guaicuruan,,
abk,Abkhaz,1,Postpositions,Northwest Caucasian,Northwest Caucasian,,
abv,Abui,5,No adpositions,Greater Alor,Timor-Alor-Pantar,,
abu,Abun,2,Prepositions,North-Central Bird's Head,West Papuan,,
ace,Acehnese,2,Prepositions,Malayo-Sumbawan,Austronesian,,
acg,Achagua,1,Postpositions,Inland Northern Arawakan,Arawakan,,
acn,Achang,1,Postpositions,Burmese-Lolo,Sino-Tibetan,,
acl,Acholi,2,Prepositions,Nilotic,Eastern Sudanic,,
acm,Achumawi,2,Prepositions,Palaihnihan,Hokan,,
aco,Acoma,1,Postpositions,Keresan,Keresan,,
adg,Adang,1,Postpositions,Greater Alor,Timor-Alor-Pantar,,
adi,Adioukrou,1,Postpositions,Kwa,Niger-Congo,,
ady,Adyghe (Abzakh),1,Postpositions,Northwest Caucasian,Northwest Caucasian,,
adn,Adynyamathanha,1,Postpositions,Central Pama-Nyungan,Pama-Nyungan,,
adz,Adzera,2,Prepositions,Oceanic,Austronesian,,
agc,Agta (Central),2,Prepositions,Greater Central Philippine,Austronesian,,
ain,Ainu,1,Postpositions,Ainu,Ainu,,
aja,Aja,2,Prepositions,Kresh,Central Sudanic,,
ajg,Ajagbe,1,Postpositions,Kwa,Niger-Congo,,
akn,Akan,4,No dominant order,Kwa,Niger-Congo,,
akh,Akha,1,Postpositions,Burmese-Lolo,Sino-Tibetan,,
all,Ala'ala,4,No dominant order,Oceanic,Austronesian,,
ala,Alamblak,1,Postpositions,Sepik Hill,Sepik,,
alw,Alawa,2,Prepositions,Alawa,Mangarrayi-Maran,,
alb,Albanian,2,Prepositions,Albanian,Indo-European,,
als,Alsea,2,Prepositions,Alsea,Oregon Coast,,
aln,Alune,2,Prepositions,Central Malayo-Polynesian,Austronesian,,
aly,Alyawarra,1,Postpositions,Central Pama-Nyungan,Pama-Nyungan,,
amc,Amahuaca,1,Postpositions,Panoan,Panoan,,
ama,Amara,2,Prepositions,Oceanic,Austronesian,,
amk,Amarakaeri,1,Postpositions,Harakmbet,Harakmbet,,
aml,Ambae (Lolovoli Northeast),2,Prepositions,Oceanic,Austronesian,,
amq,Ambai,2,Prepositions,South Halmahera - West New Guinea,Austronesian,,
amb,Ambulas,1,Postpositions,Middle Sepik,Sepik,,
amt,Amdo (Themchen),1,Postpositions,Bodic,Sino-Tibetan,,
ame,Amele,1,Postpositions,Madang,Trans-New Guinea,,
amh,Amharic,4,No dominant order,Semitic,Afro-Asiatic,,
ami,Amis,2,Prepositions,East Formosan,Austronesian,,
adk,Andoke,1,Postpositions,Andoke,Andoke,,
anj,Anejom,2,Prepositions,Oceanic,Austronesian,,
agm,Angami,1,Postpositions,Kuki-Chin,Sino-Tibetan,,
anc,Angas,2,Prepositions,West Chadic,Afro-Asiatic,,
ang,Anggor,1,Postpositions,Senagi,Senagi,,
ann,Anindilyakwa,3,Inpositions,Anindilyakwa,Gunwinyguan,,
any,Anywa,2,Prepositions,Nilotic,Eastern Sudanic,,
ane,Anêm,2,Prepositions,Anêm,Anêm,,
ao,Ao,1,Postpositions,Kuki-Chin,Sino-Tibetan,,
apl,Apalaí,1,Postpositions,Cariban,Cariban,,
apt,Apatani,1,Postpositions,Tani,Sino-Tibetan,,
api,Apinayé,1,Postpositions,Ge-Kaingang,Macro-Ge,,
apu,Apurinã,1,Postpositions,Purus,Arawakan,,
aeg,Arabic (Egyptian),2,Prepositions,Semitic,Afro-Asiatic,,
arg,Arabic (Gulf),2,Prepositions,Semitic,Afro-Asiatic,,
arq,Arabic (Iraqi),2,Prepositions,Semitic,Afro-Asiatic,,
arj,Arabic (Kuwaiti),2,Prepositions,Semitic,Afro-Asiatic,,
ams,Arabic (Modern Standard),2,Prepositions,Semitic,Afro-Asiatic,,
amr,Arabic (Moroccan),2,Prepositions,Semitic,Afro-Asiatic,,
asy,Arabic (Syrian),2,Prepositions,Semitic,Afro-Asiatic,,
ana,Araona,1,Postpositions,Tacanan,Tacanan,,
arp,Arapesh (Mountain),2,Prepositions,Kombio-Arapesh,Torricelli,,
ara,Arawak,1,Postpositions,Caribbean Arawakan,Arawakan,,
arc,Archi,1,Postpositions,Lezgic,Nakh-Daghestanian,,
arm,Armenian (Eastern),1,Postpositions,Armenian,Indo-European,,
arw,Armenian (Western),1,Postpositions,Armenian,Indo-European,,
alk,Arop-Lokep,2,Prepositions,Oceanic,Austronesian,,
aro,Arosi,2,Prepositions,Oceanic,Austronesian,,
amp,Arrernte (Mparntwe),1,Postpositions,Central Pama-Nyungan,Pama-Nyungan,,
awe,Arrernte (Western),1,Postpositions,Central Pama-Nyungan,Pama-Nyungan,,
asm,Asmat,5,No adpositions,Asmat-Kamoro,Trans-New Guinea,,
asu,Asuriní,1,Postpositions,Tupi-Guaraní,Tupian,,
atk,Atakapa,1,Postpositions,Atakapa,Atakapa,,
ata,Atayal,2,Prepositions,Atayalic,Austronesian,,
au,Au,2,Prepositions,Wapei-Palei,Torricelli,,
ava,Avar,1,Postpositions,Avar-Andic-Tsezic,Nakh-Daghestanian,,
avo,Avokaya,1,Postpositions,Moru-Ma'di,Central Sudanic,,
awp,Awa Pit,1,Postpositions,Barbacoan,Barbacoan,,
awt,Awtuw,1,Postpositions,Ram,Sepik,,
ayw,Ayiwo,2,Prepositions,Oceanic,Austronesian,,
aym,Aymara (Central),1,Postpositions,Aymaran,Aymaran,,
bbl,Babole,2,Prepositions,Bantoid,Niger-Congo,,
bab,Babungo,2,Prepositions,Bantoid,Niger-Congo,,
bac,Bachamal,1,Postpositions,Anson Bay,Anson Bay,,
bfi,Bafia,2,Prepositions,Bantoid,Niger-Congo,,
baf,Bafut,2,Prepositions,Bantoid,Niger-Congo,,
bgs,Baga Sitemu,1,Postpositions,Mel,Niger-Congo,,
bag,Bagirmi,2,Prepositions,Bongo-Bagirmi,Central Sudanic,,
bgr,Bagiro,4,No dominant order,Bongo-Bagirmi,Central Sudanic,,
bai,Bai,4,No dominant order,Bai,Sino-Tibetan,,
baj,Bajau (Sama),2,Prepositions,Sama-Bajaw,Austronesian,,
bwc,Bajau (West Coast),2,Prepositions,Sama-Bajaw,Austronesian,,
bak,Baka (in Cameroon),2,Prepositions,Ubangi,Niger-Congo,,
bka,Baka (in Sudan),2,Prepositions,Bongo-Bagirmi,Central Sudanic,,
bvi,Bali-Vitu,2,Prepositions,Oceanic,Austronesian,,
blt,Balti,1,Postpositions,Bodic,Sino-Tibetan,,
bam,Bambara,1,Postpositions,Western Mande,Mande,,
bnk,Bankon,2,Prepositions,Bantoid,Niger-Congo,,
bnn,Banoni,2,Prepositions,Oceanic,Austronesian,,
bao,Bao'an,1,Postpositions,Mongolic,Altaic,,
baa,Barai,1,Postpositions,Koiarian,Trans-New Guinea,,
bbu,Barambu,2,Prepositions,Ubangi,Niger-Congo,,
brs,Barasano,1,Postpositions,Tucanoan,Tucanoan,,
bar,Bari,2,Prepositions,Nilotic,Eastern Sudanic,,
bry,Baruya,1,Postpositions,Angan,Trans-New Guinea,,
bae,Baré,1,Postpositions,Inland Northern Arawakan,Arawakan,,
bas,Basaá,2,Prepositions,Bantoid,Niger-Congo,,
bsk,Bashkir,1,Postpositions,Turkic,Altaic,,
bsq,Basque,1,Postpositions,Basque,Basque,,
bkr,Batak (Karo),2,Prepositions,Northwest Sumatra-Barrier Islands,Austronesian,,
bto,Batak (Toba),2,Prepositions,Northwest Sumatra-Barrier Islands,Austronesian,,
ble,Baule,1,Postpositions,Kwa,Niger-Congo,,
bzi,Bauzi,1,Postpositions,East Geelvink Bay,East Geelvink Bay,,
baw,Bawm,1,Postpositions,Kuki-Chin,Sino-Tibetan,,
bej,Beja,1,Postpositions,Beja,Afro-Asiatic,,
bco,Bella Coola,2,Prepositions,Bella Coola,Salishan,,
blu,Bena-Lulua,2,Prepositions,Bantoid,Niger-Congo,,
bga,Benga,2,Prepositions,Bantoid,Niger-Congo,,
bse,Berber (Ayt Seghrouchen Middle Atlas),2,Prepositions,Berber,Afro-Asiatic,,
bfg,Berber (Figuig),2,Prepositions,Berber,Afro-Asiatic,,
bma,Berber (Middle Atlas),2,Prepositions,Berber,Afro-Asiatic,,
bmz,Berber (Mzab),2,Prepositions,Berber,Afro-Asiatic,,
brf,Berber (Rif),2,Prepositions,Berber,Afro-Asiatic,,
bsi,Berber (Siwa),2,Prepositions,Berber,Afro-Asiatic,,
zag,Beria,1,Postpositions,Eastern Saharan,Saharan,,
bti,Betoi,1,Postpositions,Betoi,Betoi,,
bkb,Betta Kurumba,1,Postpositions,Southern Dravidian,Dravidian,,
bho,Bhojpuri,1,Postpositions,Indic,Indo-European,,
bik,Biak,2,Prepositions,South Halmahera - West New Guinea,Austronesian,,
bid,Bidiya,2,Prepositions,East Chadic,Afro-Asiatic,,
bkl,Bikol,2,Prepositions,Greater Central Philippine,Austronesian,,
bln,Bilin,1,Postpositions,Central Cushitic,Afro-Asiatic,,
blx,Biloxi,1,Postpositions,Core Siouan,Siouan,,
bil,Bilua,1,Postpositions,Bilua,Solomons East Papuan,,
bmb,Bimoba,4,No dominant order,Gur,Niger-Congo,,
bin,Binandere,1,Postpositions,Binanderean,Trans-New Guinea,,
bni,Bini,2,Prepositions,Edoid,Niger-Congo,,
bbw,Bininj Gun-Wok,4,No dominant order,Gunwinygic,Gunwinyguan,,
bia,Bira,2,Prepositions,Bantoid,Niger-Congo,,
bir,Birom,2,Prepositions,Platoid,Niger-Congo,,
bla,Blackfoot,5,No adpositions,Algonquian,Algic,,
boa,Boazi,1,Postpositions,Marind Proper,Marind,,
bob,Bobangi,2,Prepositions,Bantoid,Niger-Congo,,
bbf,Bobo Madaré (Northern),1,Postpositions,Western Mande,Mande,,
bok,Boko,1,Postpositions,Eastern Mande,Mande,,
bol,Bolia,2,Prepositions,Bantoid,Niger-Congo,,
bgo,Bongo,2,Prepositions,Bongo-Bagirmi,Central Sudanic,,
bon,Bongu,1,Postpositions,Madang,Trans-New Guinea,,
btk,Bontok,2,Prepositions,Northern Luzon,Austronesian,,
boj,Bori,1,Postpositions,Tani,Sino-Tibetan,,
brh,Brahui,1,Postpositions,Northern Dravidian,Dravidian,,
bra,Brao,2,Prepositions,Bahnaric,Austro-Asiatic,,
bre,Breton,2,Prepositions,Celtic,Indo-European,,
bri,Bribri,1,Postpositions,Talamanca,Chibchan,,
bdu,Budu,2,Prepositions,Bantoid,Niger-Congo,,
bud,Buduma,2,Prepositions,Biu-Mandara,Afro-Asiatic,,
bul,Bulgarian,2,Prepositions,Slavic,Indo-European,,
bum,Buma,2,Prepositions,Oceanic,Austronesian,,
pnu,Bunu (Younuo),5,No adpositions,Hmong-Mien,Hmong-Mien,,
bnb,Bunuba,3,Inpositions,Bunuban,Bunuban,,
bua,Burarra,1,Postpositions,Burarran,Mangrida,,
but,Buriat,1,Postpositions,Mongolic,Altaic,,
brm,Burmese,1,Postpositions,Burmese-Lolo,Sino-Tibetan,,
buu,Buru,2,Prepositions,Central Malayo-Polynesian,Austronesian,,
brn,Burunge,4,No dominant order,Southern Cushitic,Afro-Asiatic,,
bur,Burushaski,1,Postpositions,Burushaski,Burushaski,,
bus,Busa,1,Postpositions,Eastern Mande,Mande,,
bsh,Bushoong,2,Prepositions,Bantoid,Niger-Congo,,
bya,Byansi,1,Postpositions,Bodic,Sino-Tibetan,,
cah,Cahuilla,1,Postpositions,California Uto-Aztecan,Uto-Aztecan,,
cak,Cakchiquel,2,Prepositions,Mayan,Mayan,,
cax,Campa (Axininca),5,No adpositions,Pre-Andine Arawakan,Arawakan,,
cam,Camsá,1,Postpositions,Camsá,Camsá,,
cnm,Canamarí,1,Postpositions,Katukinan,Katukinan,,
ckr,Canela-Krahô,1,Postpositions,Ge-Kaingang,Macro-Ge,,
cnt,Cantonese,4,No dominant order,Chinese,Sino-Tibetan,,
car,Carib,1,Postpositions,Cariban,Cariban,,
cde,Carib (De'kwana),1,Postpositions,Cariban,Cariban,,
cas,Cashibo,1,Postpositions,Panoan,Panoan,,
ctl,Catalan,2,Prepositions,Romance,Indo-European,,
ctw,Catawba,1,Postpositions,Catawban,Siouan,,
cav,Cavineña,1,Postpositions,Tacanan,Tacanan,,
cyv,Cayuvava,2,Prepositions,Cayuvava,Cayuvava,,
ceb,Cebuano,2,Prepositions,Greater Central Philippine,Austronesian,,
chh,Chaha,4,No dominant order,Semitic,Afro-Asiatic,,
cai,Chai,1,Postpositions,Surmic,Eastern Sudanic,,
cld,Chaldean (Modern),2,Prepositions,Semitic,Afro-Asiatic,,
cha,Chamorro,2,Prepositions,Chamorro,Austronesian,,
chg,Chang,1,Postpositions,Northern Naga,Sino-Tibetan,,
chn,Chantyal,1,Postpositions,Bodic,Sino-Tibetan,,
cso,Chatino (Sierra Occidental),2,Prepositions,Zapotecan,Oto-Manguean,,
cya,Chatino (Yaitepec),2,Prepositions,Zapotecan,Oto-Manguean,,
chc,Chechen,1,Postpositions,Nakh,Nakh-Daghestanian,,
cmh,Chemehuevi,1,Postpositions,Numic,Uto-Aztecan,,
che,Cherokee,1,Postpositions,Southern Iroquoian,Iroquoian,,
cic,Chichewa,2,Prepositions,Bantoid,Niger-Congo,,
chi,Chimariko,1,Postpositions,Chimariko,Hokan,,
cmr,Chin (Mara),1,Postpositions,Kuki-Chin,Sino-Tibetan,,
chs,Chin (Siyin),1,Postpositions,Kuki-Chin,Sino-Tibetan,,
cti,Chin (Tiddim),1,Postpositions,Kuki-Chin,Sino-Tibetan,,
ccm,Chinantec (Comaltepec),2,Prepositions,Chinantecan,Oto-Manguean,,
cle,Chinantec (Lealao),2,Prepositions,Chinantecan,Oto-Manguean,,
cpl,Chinantec (Palantla),2,Prepositions,Chinantecan,Oto-Manguean,,
chq,Chinantec (Quiotepec),2,Prepositions,Chinantecan,Oto-Manguean,,
ckl,Chinook (Lower),2,Prepositions,Chinookan,Penutian,,
chp,Chipewyan,1,Postpositions,Athapaskan,Na-Dene,,
cqt,Chiquitano,2,Prepositions,Chiquito,Chiquito,,
ctm,Chitimacha,1,Postpositions,Chitimacha,Chitimacha,,
cct,Choctaw,1,Postpositions,Muskogean,Muskogean,,
cln,Cholón,1,Postpositions,Cholon,Cholon,,
cmy,Chontal Maya,2,Prepositions,Mayan,Mayan,,
chr,Chrau,2,Prepositions,Bahnaric,Austro-Asiatic,,
chj,Chuj,2,Prepositions,Mayan,Mayan,,
chk,Chukchi,1,Postpositions,Northern Chukotko-Kamchatkan,Chukotko-Kamchatkan,,
cba,Chumash (Barbareño),2,Prepositions,Chumash,Chumash,,
chv,Chuvash,1,Postpositions,Turkic,Altaic,,
cbo,Chácobo,1,Postpositions,Panoan,Panoan,,
coc,Cocama,1,Postpositions,Tupi-Guaraní,Tupian,,
coe,Coeur d'Alene,2,Prepositions,Interior Salish,Salishan,,
cmn,Comanche,1,Postpositions,Numic,Uto-Aztecan,,
cmx,Comox,2,Prepositions,Central Salish,Salishan,,
coo,Coos (Hanis),1,Postpositions,Coosan,Oregon Coast,,
cop,Coptic,2,Prepositions,Egyptian-Coptic,Afro-Asiatic,,
cor,Cora,1,Postpositions,Corachol,Uto-Aztecan,,
crn,Cornish,2,Prepositions,Celtic,Indo-European,,
cre,Cree (Plains),5,No adpositions,Algonquian,Algic,,
cub,Cubeo,1,Postpositions,Tucanoan,Tucanoan,,
cuc,Cuica,2,Prepositions,Timote-Cuica,Timote-Cuica,,
cup,Cupeño,1,Postpositions,California Uto-Aztecan,Uto-Aztecan,,
cze,Czech,2,Prepositions,Slavic,Indo-European,,
cem,Cèmuhî,2,Prepositions,Oceanic,Austronesian,,
dag,Daga,1,Postpositions,Dagan,Dagan,,
dga,Dagaare,1,Postpositions,Gur,Niger-Congo,,
dgb,Dagbani,1,Postpositions,Gur,Niger-Congo,,
dgr,Dagur,1,Postpositions,Mongolic,Altaic,,
dan,Dan,1,Postpositions,Eastern Mande,Mande,,
dni,Dani (Lower Grand Valley),1,Postpositions,Dani,Trans-New Guinea,,
dsh,Danish,2,Prepositions,Germanic,Indo-European,,
drg,Dargwa,1,Postpositions,Lak-Dargwa,Nakh-Daghestanian,,
drm,Darma,1,Postpositions,Bodic,Sino-Tibetan,,
des,Desano,1,Postpositions,Tucanoan,Tucanoan,,
dhr,Dhargari,5,No adpositions,Western Pama-Nyungan,Pama-Nyungan,,
dhm,Dhimal,1,Postpositions,Dhimalic,Sino-Tibetan,,
did,Didinga,2,Prepositions,Surmic,Eastern Sudanic,,
die,Diegueño (Mesa Grande),1,Postpositions,Yuman,Hokan,,
dig,Digaro,1,Postpositions,Digaroan,Sino-Tibetan,,
dms,Dimasa,1,Postpositions,Bodo-Garo,Sino-Tibetan,,
dim,Dime,1,Postpositions,South Omotic,Afro-Asiatic,,
dng,Ding,2,Prepositions,Bantoid,Niger-Congo,,
din,Dinka,4,No dominant order,Nilotic,Eastern Sudanic,,
dio,Diola-Fogny,2,Prepositions,Northern Atlantic,Niger-Congo,,
dji,Djingili,1,Postpositions,Djingili,Mirndi,,
dlm,Dla (Menggwa),1,Postpositions,Senagi,Senagi,,
der,Dla (Proper),1,Postpositions,Senagi,Senagi,,
dok,Doko,2,Prepositions,Bantoid,Niger-Congo,,
dom,Domari,2,Prepositions,Indic,Indo-European,,
don,Dong,2,Prepositions,Kam-Tai,Tai-Kadai,,
dds,Donno So,1,Postpositions,Dogon,Dogon,,
doy,Doyayo,4,No dominant order,Adamawa,Niger-Congo,,
dre,Drehu,2,Prepositions,Oceanic,Austronesian,,
duk,Duka,2,Prepositions,Kainji,Niger-Congo,,
dul,Dulong,1,Postpositions,Nungish,Sino-Tibetan,,
dmk,Dumaki,1,Postpositions,Indic,Indo-European,,
dmi,Dumi,1,Postpositions,Mahakiranti,Sino-Tibetan,,
dun,Duna,1,Postpositions,Duna,Trans-New Guinea,,
dut,Dutch,2,Prepositions,Germanic,Indo-European,,
dyi,Dyirbal,5,No adpositions,Northern Pama-Nyungan,Pama-Nyungan,,
daw,Dâw,1,Postpositions,Nadahup,Nadahup,,
edo,Edolo,1,Postpositions,Bosavi,Bosavi,,
erk,Efate (South),2,Prepositions,Oceanic,Austronesian,,
eip,Eipo,1,Postpositions,Mek,Trans-New Guinea,,
ora,Emai,2,Prepositions,Edoid,Niger-Congo,,
emb,Emberá (Northern),1,Postpositions,Choco,Choco,,
emm,Emmi,1,Postpositions,Wagaydy,Western Daly,,
ene,Enets,1,Postpositions,Samoyedic,Uralic,,
egn,Engenni,2,Prepositions,Edoid,Niger-Congo,,
eno,Enggano,2,Prepositions,Enggano,Austronesian,,
eng,English,2,Prepositions,Germanic,Indo-European,,
epe,Epena Pedee,1,Postpositions,Choco,Choco,,
err,Erromangan,2,Prepositions,Oceanic,Austronesian,,
ese,Ese Ejja,1,Postpositions,Tacanan,Tacanan,,
esm,Esmeraldeño,2,Prepositions,Tacame,Tacame,,
est,Estonian,1,Postpositions,Finnic,Uralic,,
eud,Eudeve,1,Postpositions,Cahita,Uto-Aztecan,,
evn,Even,1,Postpositions,Tungusic,Altaic,,
eve,Evenki,1,Postpositions,Tungusic,Altaic,,
ewe,Ewe,1,Postpositions,Kwa,Niger-Congo,,
ewo,Ewondo,2,Prepositions,Bantoid,Niger-Congo,,
fas,Fasu,1,Postpositions,Fasu,Trans-New Guinea,,
fij,Fijian,2,Prepositions,Oceanic,Austronesian,,
fin,Finnish,1,Postpositions,Finnic,Uralic,,
pdp,Folopa,1,Postpositions,Teberan,Teberan-Pawaian,,
fon,Fongbe,4,No dominant order,Kwa,Niger-Congo,,
for,Fore,1,Postpositions,Eastern Highlands,Trans-New Guinea,,
fre,French,2,Prepositions,Romance,Indo-European,,
fri,Frisian,2,Prepositions,Germanic,Indo-European,,
fua,Fula (Cameroonian),2,Prepositions,Northern Atlantic,Niger-Congo,,
ful,Fulniô,1,Postpositions,Yatê,Yatê,,
fur,Fur,1,Postpositions,Fur,Fur,,
fut,Futuna-Aniwa,2,Prepositions,Oceanic,Austronesian,,
fye,Fyem,2,Prepositions,Platoid,Niger-Congo,,
gnd,Ga'anda,2,Prepositions,Biu-Mandara,Afro-Asiatic,,
gaa,Gaagudju,1,Postpositions,Gaagudju,Gaagudju,,
gae,Gaelic (Scots),2,Prepositions,Celtic,Indo-European,,
gam,Gamo,1,Postpositions,North Omotic,Afro-Asiatic,,
gap,Gapapaiwa,1,Postpositions,Oceanic,Austronesian,,
gar,Garo,1,Postpositions,Bodo-Garo,Sino-Tibetan,,
grr,Garrwa,2,Prepositions,Garrwan,Garrwan,,
grf,Garífuna,2,Prepositions,Caribbean Arawakan,Arawakan,,
gav,Gavião,1,Postpositions,Monde,Tupian,,
gbb,Gbeya Bossangoa,2,Prepositions,Gbaya-Manza-Ngbaka,Niger-Congo,,
gel,Gela,2,Prepositions,Oceanic,Austronesian,,
gla,Gelao,2,Prepositions,Kadai,Tai-Kadai,,
geo,Georgian,1,Postpositions,Kartvelian,Kartvelian,,
ger,German,2,Prepositions,Germanic,Indo-European,,
gim,Gimira,1,Postpositions,North Omotic,Afro-Asiatic,,
git,Gitksan,2,Prepositions,Tsimshianic,Penutian,,
giz,Giziga,2,Prepositions,Biu-Mandara,Afro-Asiatic,,
goa,Goajiro,2,Prepositions,Caribbean Arawakan,Arawakan,,
goe,Goemai,2,Prepositions,West Chadic,Afro-Asiatic,,
gok,Gokana,2,Prepositions,Cross River,Niger-Congo,,
gln,Golin,1,Postpositions,Chimbu,Trans-New Guinea,,
gon,Gondi,1,Postpositions,South-Central Dravidian,Dravidian,,
goo,Gooniyandi,3,Inpositions,Bunuban,Bunuban,,
gan,Great Andamanese,1,Postpositions,Great Andamanese,Great Andamanese,,
grb,Grebo,1,Postpositions,Kru,Niger-Congo,,
grk,Greek (Modern),2,Prepositions,Greek,Indo-European,,
grw,Greenlandic (West),1,Postpositions,Eskimo,Eskimo-Aleut,,
gjj,Guajajara,1,Postpositions,Tupi-Guaraní,Tupian,,
gua,Guaraní,1,Postpositions,Tupi-Guaraní,Tupian,,
grj,Guarijío,1,Postpositions,Tarahumaran,Uto-Aztecan,,
gto,Guató,2,Prepositions,Guató,Guató,,
gud,Gude,2,Prepositions,Biu-Mandara,Afro-Asiatic,,
guj,Gujarati,1,Postpositions,Indic,Indo-European,,
gul,Gula (in Central African Republic),4,No dominant order,Bongo-Bagirmi,Central Sudanic,,
gmw,Gumawana,1,Postpositions,Oceanic,Austronesian,,
gmz,Gumuz,2,Prepositions,Gumuz,Gumuz,,
gnb,Gunbalang,2,Prepositions,Gunwinygic,Gunwinyguan,,
guw,Gungbe,4,No dominant order,Kwa,Niger-Congo,,
gnn,Gunin,1,Postpositions,Worrorran,Worrorran,,
gur,Gurung,1,Postpositions,Bodic,Sino-Tibetan,,
gwa,Gwari,4,No dominant order,Nupoid,Niger-Congo,,
gwo,Gworok,2,Prepositions,Platoid,Niger-Congo,,
gyc,Gyarong (Cogtse),1,Postpositions,rGyalrong,Sino-Tibetan,,
gku,Gününa Küne,2,Prepositions,Puelche,Chon,,
hai,Haida,1,Postpositions,Haida,Haida,,
hal,Halia,2,Prepositions,Oceanic,Austronesian,,
hlu,Halkomelem (Upriver),2,Prepositions,Central Salish,Salishan,,
ham,Hamtai,1,Postpositions,Angan,Trans-New Guinea,,
hhu,Hanga Hundi,1,Postpositions,Middle Sepik,Sepik,,
han,Hani,1,Postpositions,Burmese-Lolo,Sino-Tibetan,,
hat,Hatam,2,Prepositions,Hatam,West Papuan,,
hau,Hausa,2,Prepositions,West Chadic,Afro-Asiatic,,
haw,Hawaiian,2,Prepositions,Oceanic,Austronesian,,
hwr,Hawrami,2,Prepositions,Iranian,Indo-European,,
hya,Haya,2,Prepositions,Bantoid,Niger-Congo,,
hay,Hayu,1,Postpositions,Mahakiranti,Sino-Tibetan,,
hdi,Hdi,2,Prepositions,Biu-Mandara,Afro-Asiatic,,
heb,Hebrew (Modern),2,Prepositions,Semitic,Afro-Asiatic,,
heh,Hehe,2,Prepositions,Bantoid,Niger-Congo,,
hei,Heiltsuk,2,Prepositions,Northern Wakashan,Wakashan,,
hem,Hemba,2,Prepositions,Bantoid,Niger-Congo,,
hid,Hidatsa,1,Postpositions,Core Siouan,Siouan,,
hil,Hiligaynon,2,Prepositions,Greater Central Philippine,Austronesian,,
hin,Hindi,1,Postpositions,Indic,Indo-European,,
hix,Hixkaryana,1,Postpositions,Cariban,Cariban,,
lic,Hlai (Baoding),2,Prepositions,Hlai,Tai-Kadai,,
hma,Hmar,1,Postpositions,Kuki-Chin,Sino-Tibetan,,
hmo,Hmong Njua,2,Prepositions,Hmong-Mien,Hmong-Mien,,
ho,Ho,1,Postpositions,Munda,Austro-Asiatic,,
hoa,Hoava,2,Prepositions,Oceanic,Austronesian,,
hop,Hopi,1,Postpositions,Hopi,Uto-Aztecan,,
hua,Hua,1,Postpositions,Eastern Highlands,Trans-New Guinea,,
hlp,Hualapai,1,Postpositions,Yuman,Hokan,,
htc,Huastec,2,Prepositions,Mayan,Mayan,,
hve,Huave (San Mateo del Mar),2,Prepositions,Huavean,Huavean,,
hum,Huitoto (Murui),1,Postpositions,Huitoto,Huitotoan,,
hun,Hungarian,1,Postpositions,Ugric,Uralic,,
hzb,Hunzib,1,Postpositions,Avar-Andic-Tsezic,Nakh-Daghestanian,,
hpd,Hup,1,Postpositions,Nadahup,Nadahup,,
hup,Hupa,1,Postpositions,Athapaskan,Na-Dene,,
isa,I'saka,4,No dominant order,Krisa,Skou,,
iaa,Iaai,2,Prepositions,Oceanic,Austronesian,,
iau,Iau,1,Postpositions,Lakes Plain,Lakes Plain,,
iba,Iban,2,Prepositions,Malayo-Sumbawan,Austronesian,,
ice,Icelandic,2,Prepositions,Germanic,Indo-European,,
idu,Idu,1,Postpositions,Digaroan,Sino-Tibetan,,
idn,Iduna,1,Postpositions,Oceanic,Austronesian,,
ifu,Ifugao (Batad),2,Prepositions,Northern Luzon,Austronesian,,
ifm,Ifumu,2,Prepositions,Bantoid,Niger-Congo,,
igb,Igbo,2,Prepositions,Igboid,Niger-Congo,,
ign,Ignaciano,2,Prepositions,Bolivia-Parana,Arawakan,,
ik,Ik,2,Prepositions,Kuliak,Eastern Sudanic,,
ika,Ika,1,Postpositions,Arhuacic,Chibchan,,
ila,Ila,2,Prepositions,Bantoid,Niger-Congo,,
ilo,Ilocano,2,Prepositions,Northern Luzon,Austronesian,,
imo,Imonda,1,Postpositions,Border,Border,,
ina,Inanwatan,1,Postpositions,South Bird's Head,Marind,,
ind,Indonesian,2,Prepositions,Malayo-Sumbawan,Austronesian,,
igs,Ingessana,2,Prepositions,Eastern Jebel,Eastern Sudanic,,
ing,Ingush,1,Postpositions,Nakh,Nakh-Daghestanian,,
inn,Innamincka,1,Postpositions,Central Pama-Nyungan,Pama-Nyungan,,
iqu,Iquito,1,Postpositions,Zaparoan,Zaparoan,,
irq,Iraqw,2,Prepositions,Southern Cushitic,Afro-Asiatic,,
irr,Irarutu,2,Prepositions,South Halmahera - West New Guinea,Austronesian,,
iri,Irish,2,Prepositions,Celtic,Indo-European,,
ita,Italian,2,Prepositions,Romance,Indo-European,,
ite,Itelmen,5,No adpositions,Southern Chukotko-Kamchatkan,Chukotko-Kamchatkan,,
iwa,Iwaidja,4,No dominant order,Iwaidjan,Iwaidjan,,
kwy,Iwoyo,2,Prepositions,Bantoid,Niger-Congo,,
ixi,Ixil,2,Prepositions,Mayan,Mayan,,
izi,Izi,2,Prepositions,Igboid,Niger-Congo,,
jbt,Jabutí,1,Postpositions,Jabutí,Jabutí,,
jab,Jabêm,4,No dominant order,Oceanic,Austronesian,,
jak,Jakaltek,2,Prepositions,Mayan,Mayan,,
jms,Jamsay,1,Postpositions,Dogon,Dogon,,
jpn,Japanese,1,Postpositions,Japanese,Japanese,,
jar,Jarawa (in Nigeria),2,Prepositions,Bantoid,Niger-Congo,,
jel,Jeli,1,Postpositions,Western Mande,Mande,,
jng,Jingpho,1,Postpositions,Jingpho,Sino-Tibetan,,
jin,Jino,1,Postpositions,Burmese-Lolo,Sino-Tibetan,,
joh,Johari,1,Postpositions,Bodic,Sino-Tibetan,,
jug,Jugli,1,Postpositions,Northern Naga,Sino-Tibetan,,
juk,Jukun,2,Prepositions,Platoid,Niger-Congo,,
jmo,Jur Mödö,2,Prepositions,Bongo-Bagirmi,Central Sudanic,,
juh,Ju|'hoan,1,Postpositions,Ju-Kung,Kxa,,
kab,Kabardian,1,Postpositions,Northwest Caucasian,Northwest Caucasian,,
kbt,Kabatei,1,Postpositions,Iranian,Indo-European,,
kby,Kabiyé,2,Prepositions,Gur,Niger-Congo,,
kbl,Kabyle,2,Prepositions,Berber,Afro-Asiatic,,
kac,Kachari,1,Postpositions,Bodo-Garo,Sino-Tibetan,,
kdz,Kadazan,2,Prepositions,North Borneo,Austronesian,,
kdw,Kadiwéu,5,No adpositions,Kadiwéu,Guaicuruan,,
kgr,Kagulu,2,Prepositions,Bantoid,Niger-Congo,,
kng,Kaingang,1,Postpositions,Ge-Kaingang,Macro-Ge,,
krr,Kairiru,4,No dominant order,Oceanic,Austronesian,,
klq,Kalam,1,Postpositions,Madang,Trans-New Guinea,,
kmk,Kalmyk,1,Postpositions,Mongolic,Altaic,,
kll,Kaluli,1,Postpositions,Bosavi,Bosavi,,
kma,Kamaiurá,1,Postpositions,Tupi-Guaraní,Tupian,,
kmz,Kamasau,1,Postpositions,Marienberg,Torricelli,,
kms,Kamass,1,Postpositions,Samoyedic,Uralic,,
kam,Kambera,2,Prepositions,Central Malayo-Polynesian,Austronesian,,
kbo,Kambot,1,Postpositions,Botin,Lower Sepik-Ramu,,
kmi,Kami,2,Prepositions,Bantoid,Niger-Congo,,
kmw,Kamu,1,Postpositions,Eastern Daly,Eastern Daly,,
kan,Kana,2,Prepositions,Cross River,Niger-Congo,,
knk,Kanakuru,2,Prepositions,West Chadic,Afro-Asiatic,,
xns,Kanashi,1,Postpositions,Bodic,Sino-Tibetan,,
knd,Kannada,1,Postpositions,Southern Dravidian,Dravidian,,
knb,Kanum (Bädi),1,Postpositions,Morehead and Upper Maro Rivers,Morehead and Upper Maro Rivers,,
knr,Kanuri,1,Postpositions,Western Saharan,Saharan,,
kyo,Kanyok,2,Prepositions,Bantoid,Niger-Congo,,
kpm,Kapampangan,2,Prepositions,Central Luzon,Austronesian,,
kar,Kara (in Central African Republic),2,Prepositions,Bongo-Bagirmi,Central Sudanic,,
krc,Karachay-Balkar,1,Postpositions,Turkic,Altaic,,
krj,Karadjeri,1,Postpositions,Western Pama-Nyungan,Pama-Nyungan,,
jva,Karajá,1,Postpositions,Karajá,Macro-Ge,,
kkp,Karakalpak,1,Postpositions,Turkic,Altaic,,
kbw,Karen (Bwe),2,Prepositions,Karen,Sino-Tibetan,,
kpw,Karen (Pwo),2,Prepositions,Karen,Sino-Tibetan,,
ksg,Karen (Sgaw),2,Prepositions,Karen,Sino-Tibetan,,
kmj,Karimojong,2,Prepositions,Nilotic,Eastern Sudanic,,
kyr,Karkar-Yuri,1,Postpositions,Karkar-Yuri,Karkar-Yuri,,
krk,Karok,1,Postpositions,Karok,Karok,,
kaa,Karó (Arára),1,Postpositions,Ramarama,Tupian,,
kas,Kashmiri,1,Postpositions,Indic,Indo-European,,
kti,Kati (in West Papua, Indonesia),1,140.916666667,Ok,,Word Order
ktu,Katu,2,Prepositions,Katuic,Austro-Asiatic,,
kau,Kaulong,2,Prepositions,Oceanic,Austronesian,,
kws,Kawaiisu,1,Postpositions,Numic,Uto-Aztecan,,
kyz,Kayabí,1,Postpositions,Tupi-Guaraní,Tupian,,
kyl,Kayah Li (Eastern),4,No dominant order,Karen,Sino-Tibetan,,
kay,Kayardild,5,No adpositions,Tangkic,Tangkic,,
kel,Kele,2,Prepositions,Oceanic,Austronesian,,
kem,Kemant,1,Postpositions,Central Cushitic,Afro-Asiatic,,
ken,Kenga,4,No dominant order,Bongo-Bagirmi,Central Sudanic,,
ker,Kera,2,Prepositions,East Chadic,Afro-Asiatic,,
ksa,Keresan (Santa Ana),1,Postpositions,Keresan,Keresan,,
ket,Ket,1,Postpositions,Yeniseian,Yeniseian,,
kte,Kete,2,Prepositions,Bantoid,Niger-Congo,,
kew,Kewa,1,Postpositions,Engan,Trans-New Guinea,,
khl,Khalaj,1,Postpositions,Turkic,Altaic,,
kha,Khalkha,1,Postpositions,Mongolic,Altaic,,
kmh,Kham,1,Postpositions,Mahakiranti,Sino-Tibetan,,
khd,Kham (Dege),1,Postpositions,Bodic,Sino-Tibetan,,
knz,Kham (Tibetan) (Nangchen),1,Postpositions,Bodic,Sino-Tibetan,,
kty,Khanty,1,Postpositions,Ugric,Uralic,,
khr,Kharia,1,Postpositions,Munda,Austro-Asiatic,,
khs,Khasi,2,Prepositions,Khasian,Austro-Asiatic,,
khm,Khmer,2,Prepositions,Khmer,Austro-Asiatic,,
kmu,Khmu',2,Prepositions,Palaung-Khmuic,Austro-Asiatic,,
kho,Khoekhoe,1,Postpositions,Khoe-Kwadi,Khoe-Kwadi,,
khw,Khowar,1,Postpositions,Indic,Indo-European,,
kik,Kikuyu,2,Prepositions,Bantoid,Niger-Congo,,
klv,Kilivila,2,Prepositions,Oceanic,Austronesian,,
klw,Kiliwa,5,No adpositions,Yuman,Hokan,,
kil,Kiluba,2,Prepositions,Bantoid,Niger-Congo,,
kim,Kimaghama,1,Postpositions,Kolopom,Kolopom,,
kga,Kinga,2,Prepositions,Bantoid,Niger-Congo,,
knn,Kinnauri,1,Postpositions,Bodic,Sino-Tibetan,,
kin,Kinyarwanda,2,Prepositions,Bantoid,Niger-Congo,,
kio,Kiowa,5,No adpositions,Kiowa-Tanoan,Kiowa-Tanoan,,
kri,Kipea,2,Prepositions,Kariri,Kariri,,
kie,Kire,1,Postpositions,Mikarew,Lower Sepik-Ramu,,
kgz,Kirghiz,1,Postpositions,Turkic,Altaic,,
krb,Kiribati,2,Prepositions,Oceanic,Austronesian,,
kir,Kirma,1,Postpositions,Gur,Niger-Congo,,
kis,Kisi,2,Prepositions,Mel,Niger-Congo,,
kiw,Kiwai,1,Postpositions,Kiwaian,Kiwaian,,
klm,Klamath,1,Postpositions,Klamath-Modoc,Penutian,,
koa,Koasati,1,Postpositions,Muskogean,Muskogean,,
kob,Kobon,1,Postpositions,Madang,Trans-New Guinea,,
koe,Koegu,2,Prepositions,Surmic,Eastern Sudanic,,
kmo,Koiali (Mountain),1,Postpositions,Koiarian,Trans-New Guinea,,
kok,Kokborok,1,Postpositions,Bodo-Garo,Sino-Tibetan,,
kkt,Kokota,2,Prepositions,Oceanic,Austronesian,,
kol,Kolami,1,Postpositions,Central Dravidian,Dravidian,,
klr,Koluri,1,Postpositions,Iranian,Indo-European,,
kmb,Kombai,1,Postpositions,Awju-Dumut,Trans-New Guinea,,
xbi,Kombio,2,Prepositions,Kombio-Arapesh,Torricelli,,
kop,Komi-Permyak,1,Postpositions,Permic,Uralic,,
kzy,Komi-Zyrian,1,Postpositions,Permic,Uralic,,
kon,Kongo,2,Prepositions,Bantoid,Niger-Congo,,
kni,Konni,4,No dominant order,Gur,Niger-Congo,,
krn,Korana,1,Postpositions,Khoe-Kwadi,Khoe-Kwadi,,
kor,Korean,1,Postpositions,Korean,Korean,,
kje,Koreguaje,1,Postpositions,Tucanoan,Tucanoan,,
kku,Korku,1,Postpositions,Munda,Austro-Asiatic,,
kfe,Koromfe,4,No dominant order,Gur,Niger-Congo,,
kry,Koryak,1,Postpositions,Northern Chukotko-Kamchatkan,Chukotko-Kamchatkan,,
kos,Kosraean,2,Prepositions,Oceanic,Austronesian,,
kch,Koyra Chiini,1,Postpositions,Songhay,Songhay,,
kse,Koyraboro Senni,1,Postpositions,Songhay,Songhay,,
kyn,Koyukon,1,Postpositions,Athapaskan,Na-Dene,,
kpo,Kposo,1,Postpositions,Kwa,Niger-Congo,,
krh,Krahô,1,Postpositions,Ge-Kaingang,Macro-Ge,,
kre,Kresh,2,Prepositions,Kresh,Central Sudanic,,
knc,Kugu Nganhcara,1,Postpositions,Northern Pama-Nyungan,Pama-Nyungan,,
kkq,Kuikúro,1,Postpositions,Cariban,Cariban,,
kya,Kuku-Yalanji,2,Prepositions,Northern Pama-Nyungan,Pama-Nyungan,,
kmn,Kuman,1,Postpositions,Chimbu,Trans-New Guinea,,
kum,Kumauni,1,Postpositions,Indic,Indo-European,,
kun,Kuna,1,Postpositions,Kuna,Chibchan,,
knm,Kunama,1,Postpositions,Kunama,Kunama,,
kuo,Kuot,2,Prepositions,Kuot,Kuot,,
krd,Kurdish (Central),2,Prepositions,Iranian,Indo-European,,
kus,Kusunda,1,Postpositions,Kusunda,Kusunda,,
kut,Kutenai,5,No adpositions,Kutenai,Kutenai,,
thy,Kuuk Thaayorre,3,Inpositions,Northern Pama-Nyungan,Pama-Nyungan,,
kuv,Kuvi,1,Postpositions,South-Central Dravidian,Dravidian,,
kwa,Kwaio,2,Prepositions,Oceanic,Austronesian,,
kwk,Kwakw'ala,2,Prepositions,Northern Wakashan,Wakashan,,
kwm,Kwami,2,Prepositions,West Chadic,Afro-Asiatic,,
kwn,Kwangali,2,Prepositions,Bantoid,Niger-Congo,,
kwz,Kwaza,5,No adpositions,Kwaza,Kwaza,,
kwb,Kwerba,1,Postpositions,Kwerba,Kwerba,,
kwo,Kwoma,1,Postpositions,Middle Sepik,Sepik,,
kwt,Kwomtari,1,Postpositions,Kwomtari,Kwomtari-Baibai,,
kxo,Kxoe,1,Postpositions,Khoe-Kwadi,Khoe-Kwadi,,
kyk,Kyaka,1,Postpositions,Engan,Trans-New Guinea,,
kgy,Kyirong,1,Postpositions,Bodic,Sino-Tibetan,,
kyq,Kyuquot,2,Prepositions,Southern Wakashan,Wakashan,,
laa,Laal,2,Prepositions,Laal,Laal,,
lab,Labu,2,Prepositions,Oceanic,Austronesian,,
lac,Lacandón,2,Prepositions,Mayan,Mayan,,
lad,Ladakhi,1,Postpositions,Bodic,Sino-Tibetan,,
lag,Lagwan,2,Prepositions,Biu-Mandara,Afro-Asiatic,,
lah,Lahu,1,Postpositions,Burmese-Lolo,Sino-Tibetan,,
lai,Lai,1,Postpositions,Kuki-Chin,Sino-Tibetan,,
lak,Lak,1,Postpositions,Lak-Dargwa,Nakh-Daghestanian,,
lkt,Lakhota,1,Postpositions,Core Siouan,Siouan,,
lal,Lalo,1,Postpositions,Burmese-Lolo,Sino-Tibetan,,
lmh,Lamaholot,4,No dominant order,Central Malayo-Polynesian,Austronesian,,
lmg,Lamang,2,Prepositions,Biu-Mandara,Afro-Asiatic,,
lmn,Lamani,1,Postpositions,Indic,Indo-European,,
lmb,Lamba,2,Prepositions,Bantoid,Niger-Congo,,
lmp,Lampung,2,Prepositions,Lampungic,Austronesian,,
lgi,Langi,2,Prepositions,Bantoid,Niger-Congo,,
lan,Lango,2,Prepositions,Nilotic,Eastern Sudanic,,
lao,Lao,2,Prepositions,Kam-Tai,Tai-Kadai,,
lar,Laragia,1,Postpositions,Laragia,Darwin Region,,
lat,Latvian,2,Prepositions,Baltic,Indo-European,,
lav,Lavukaleve,1,Postpositions,Lavukaleve,Solomons East Papuan,,
leb,Lebeo,2,Prepositions,Bantoid,Niger-Congo,,
lel,Lele,2,Prepositions,East Chadic,Afro-Asiatic,,
llm,Lelemi,1,Postpositions,Kwa,Niger-Congo,,
len,Lenakel,2,Prepositions,Oceanic,Austronesian,,
ldu,Lendu,1,Postpositions,Lendu,Central Sudanic,,
lep,Lepcha,1,Postpositions,Lepcha,Sino-Tibetan,,
let,Leti,2,Prepositions,Central Malayo-Polynesian,Austronesian,,
lew,Lewo,2,Prepositions,Oceanic,Austronesian,,
lez,Lezgian,1,Postpositions,Lezgic,Nakh-Daghestanian,,
lho,Lhomi,1,Postpositions,Bodic,Sino-Tibetan,,
lil,Lillooet,2,Prepositions,Interior Salish,Salishan,,
lnd,Linda,2,Prepositions,Ubangi,Niger-Congo,,
lis,Lisu,1,Postpositions,Burmese-Lolo,Sino-Tibetan,,
lit,Lithuanian,2,Prepositions,Baltic,Indo-European,,
lgt,Logoti,1,Postpositions,Moru-Ma'di,Central Sudanic,,
ldo,Londo,2,Prepositions,Bantoid,Niger-Congo,,
lgu,Longgu,2,Prepositions,Oceanic,Austronesian,,
lon,Loniu,2,Prepositions,Oceanic,Austronesian,,
lot,Lotha,1,Postpositions,Kuki-Chin,Sino-Tibetan,,
lou,Lou,2,Prepositions,Oceanic,Austronesian,,
lda,Luganda,2,Prepositions,Bantoid,Niger-Congo,,
lug,Lugbara,1,Postpositions,Moru-Ma'di,Central Sudanic,,
lui,Luiseño,1,Postpositions,California Uto-Aztecan,Uto-Aztecan,,
lbu,Lunda,2,Prepositions,Bantoid,Niger-Congo,,
lun,Lungchang,1,Postpositions,Northern Naga,Sino-Tibetan,,
luo,Luo,2,Prepositions,Nilotic,Eastern Sudanic,,
kkv,Lusi,2,Prepositions,Oceanic,Austronesian,,
luv,Luvale,2,Prepositions,Bantoid,Niger-Congo,,
jlu,Luwo,2,Prepositions,Nilotic,Eastern Sudanic,,
mad,Ma'di,1,Postpositions,Moru-Ma'di,Central Sudanic,,
maa,Maasai,2,Prepositions,Nilotic,Eastern Sudanic,,
mab,Maba,1,Postpositions,Maban,Maban,,
mcd,Macedonian,2,Prepositions,Slavic,Indo-European,,
mac,Macushi,1,Postpositions,Cariban,Cariban,,
mdm,Madimadi,2,Prepositions,Southeastern Pama-Nyungan,Pama-Nyungan,,
mae,Mae,2,Prepositions,Oceanic,Austronesian,,
mgh,Magahi,1,Postpositions,Indic,Indo-European,,
mag,Magar,1,Postpositions,Mahakiranti,Sino-Tibetan,,
mgi,Magi,1,Postpositions,Mailuan,Trans-New Guinea,,
mpr,Maipure,1,Postpositions,Alto-Orinoco,Arawakan,,
msn,Maisin,1,Postpositions,Oceanic,Austronesian,,
mai,Maithili,1,Postpositions,Indic,Indo-European,,
maj,Majang,1,Postpositions,Surmic,Eastern Sudanic,,
mak,Makah,4,No dominant order,Southern Wakashan,Wakashan,,
mkj,Makasae,1,Postpositions,Makasae-Fataluku-Oirata,Timor-Alor-Pantar,,
mkl,Maklew,1,Postpositions,Bulaka River,Bulaka River,,
mua,Makua,2,Prepositions,Bantoid,Niger-Congo,,
mal,Malagasy,2,Prepositions,Barito,Austronesian,,
mlu,Maleu,2,Prepositions,Oceanic,Austronesian,,
mlg,Malgwa,2,Prepositions,Biu-Mandara,Afro-Asiatic,,
mam,Mam,2,Prepositions,Mayan,Mayan,,
mmn,Mamanwa,2,Prepositions,Greater Central Philippine,Austronesian,,
mmi,Mambai,2,Prepositions,Adamawa,Niger-Congo,,
mds,Manadonese,2,Prepositions,Malayo-Sumbawan,Austronesian,,
mnm,Manam,1,Postpositions,Oceanic,Austronesian,,
mnc,Manchu,1,Postpositions,Tungusic,Altaic,,
mdn,Mandan,1,Postpositions,Core Siouan,Siouan,,
mnd,Mandarin,4,No dominant order,Chinese,Sino-Tibetan,,
mkg,Mandinka (Gambian),1,Postpositions,Western Mande,Mande,,
mmb,Mangap-Mbula,2,Prepositions,Oceanic,Austronesian,,
myi,Mangarrayi,2,Prepositions,Mangarrayi,Mangarrayi-Maran,,
mng,Manggarai,2,Prepositions,Central Malayo-Polynesian,Austronesian,,
mgg,Mangghuer,1,Postpositions,Mongolic,Altaic,,
maw,Maninka (Western),1,Postpositions,Western Mande,Mande,,
man,Mano,1,Postpositions,Eastern Mande,Mande,,
mwb,Manobo (Western Bukidnon),2,Prepositions,Greater Central Philippine,Austronesian,,
mns,Mansi,1,Postpositions,Ugric,Uralic,,
mao,Maori,2,Prepositions,Oceanic,Austronesian,,
map,Mapudungun,4,No dominant order,Araucanian,Araucanian,,
mra,Mara,2,Prepositions,Mara,Mangarrayi-Maran,,
mku,Maranungku,1,Postpositions,Wagaydy,Western Daly,,
mhi,Marathi,1,Postpositions,Indic,Indo-European,,
mrg,Margi,2,Prepositions,Biu-Mandara,Afro-Asiatic,,
mme,Mari (Meadow),1,Postpositions,Mari,Uralic,,
mar,Maricopa,1,Postpositions,Yuman,Hokan,,
mrd,Marind,1,Postpositions,Marind Proper,Marind,,
mrq,Marquesan,2,Prepositions,Oceanic,Austronesian,,
mrh,Marrithiyel,1,Postpositions,Bringen,Western Daly,,
mrt,Martuthunira,5,No adpositions,Western Pama-Nyungan,Pama-Nyungan,,
mru,Maru,1,Postpositions,Burmese-Lolo,Sino-Tibetan,,
mas,Masa,2,Prepositions,Masa,Afro-Asiatic,,
mtt,Massachusett,2,Prepositions,Algonquian,Algic,,
mdl,Matngele,1,Postpositions,Eastern Daly,Eastern Daly,,
myr,Matsés,1,Postpositions,Panoan,Panoan,,
mka,Mauka,1,Postpositions,Western Mande,Mande,,
mau,Maung,2,Prepositions,Iwaidjan,Iwaidjan,,
max,Maxakalí,1,Postpositions,Maxakalí,Macro-Ge,,
may,Maybrat,2,Prepositions,North-Central Bird's Head,West Papuan,,
myg,Mayogo,2,Prepositions,Ubangi,Niger-Congo,,
mzn,Mazanderani,1,Postpositions,Iranian,Indo-European,,
mzh,Mazatec (Huautla),2,Prepositions,Popolocan,Oto-Manguean,,
mbr,Mbara,4,No dominant order,Biu-Mandara,Afro-Asiatic,,
mby,Mbay,4,No dominant order,Bongo-Bagirmi,Central Sudanic,,
mbe,Mbere,2,Prepositions,Bantoid,Niger-Congo,,
mdo,Mbodomo,2,Prepositions,Gbaya-Manza-Ngbaka,Niger-Congo,,
mbm,Mbum,2,Prepositions,Adamawa,Niger-Congo,,
meh,Mehri,2,Prepositions,Semitic,Afro-Asiatic,,
mei,Meithei,1,Postpositions,Kuki-Chin,Sino-Tibetan,,
mek,Mekens,1,Postpositions,Tupari,Tupian,,
mke,Mekeo,1,Postpositions,Oceanic,Austronesian,,
mde,Mende,1,Postpositions,Western Mande,Mande,,
men,Menomini,5,No adpositions,Algonquian,Algic,,
mey,Menya,1,Postpositions,Angan,Trans-New Guinea,,
mea,Meyah,2,Prepositions,East Bird's Head,East Bird's Head,,
mpt,Mian,1,Postpositions,Ok,Trans-New Guinea,,
mie,Mien,5,No adpositions,Hmong-Mien,Hmong-Mien,,
mig,Migama,2,Prepositions,East Chadic,Afro-Asiatic,,
mik,Mikir,1,Postpositions,Kuki-Chin,Sino-Tibetan,,
hna,Mina,2,Prepositions,Biu-Mandara,Afro-Asiatic,,
min,Minangkabau,2,Prepositions,Malayo-Sumbawan,Austronesian,,
mnv,Minaveha,1,Postpositions,Oceanic,Austronesian,,
msg,Mising,1,Postpositions,Tani,Sino-Tibetan,,
mis,Miskito,1,Postpositions,Misumalpan,Misumalpan,,
mco,Mixe (Coatlán),2,Prepositions,Mixe-Zoque,Mixe-Zoque,,
mxa,Mixtec (Atatlahuca),2,Prepositions,Mixtecan,Oto-Manguean,,
mxc,Mixtec (Chalcatongo),2,Prepositions,Mixtecan,Oto-Manguean,,
mxj,Mixtec (Jicaltepec),2,Prepositions,Mixtecan,Oto-Manguean,,
mxo,Mixtec (Ocotepec),2,Prepositions,Mixtecan,Oto-Manguean,,
mxp,Mixtec (Peñoles),2,Prepositions,Mixtecan,Oto-Manguean,,
mxy,Mixtec (Yosondúa),2,Prepositions,Mixtecan,Oto-Manguean,,
miy,Miya,2,Prepositions,West Chadic,Afro-Asiatic,,
miz,Mizo,1,Postpositions,Kuki-Chin,Sino-Tibetan,,
mlm,Mlabri (Minor),2,Prepositions,Palaung-Khmuic,Austro-Asiatic,,
mcc,Mochica,1,Postpositions,Chimúan,Chimúan,,
mof,Mofu-Gudur,2,Prepositions,Biu-Mandara,Afro-Asiatic,,
mok,Mokilese,2,Prepositions,Oceanic,Austronesian,,
mko,Mokilko,2,Prepositions,East Chadic,Afro-Asiatic,,
mom,Mombum,1,Postpositions,Mombum,Mombum,,
fqs,Momu,1,Postpositions,Fas,Kwomtari-Baibai,,
mqf,Momuna,1,Postpositions,Momuna,Trans-New Guinea,,
mon,Mon,2,Prepositions,Monic,Austro-Asiatic,,
mga,Mondunga,2,Prepositions,Ubangi,Niger-Congo,,
mgo,Mongo,2,Prepositions,Bantoid,Niger-Congo,,
mno,Mono (in United States),1,Postpositions,Numic,Uto-Aztecan,,
moa,Mono-Alu,4,No dominant order,Oceanic,Austronesian,,
mbo,Monumbo,1,Postpositions,Monumbo,Monumbo,,
moo,Mooré,4,No dominant order,Gur,Niger-Congo,,
mor,Mor,2,Prepositions,South Halmahera - West New Guinea,Austronesian,,
mri,Moraori,1,Postpositions,Moraori,Moraori,,
moe,Mordvin (Erzya),1,Postpositions,Mordvin,Uralic,,
mro,Moro,4,No dominant order,Heiban,Kordofanian,,
mou,Moru,1,Postpositions,Moru-Ma'di,Central Sudanic,,
mtu,Motu,1,Postpositions,Oceanic,Austronesian,,
mov,Movima,2,Prepositions,Movima,Movima,,
mpu,Mpur,2,Prepositions,Kebar,West Papuan,,
mum,Mumuye,2,Prepositions,Adamawa,Niger-Congo,,
mna,Muna,2,Prepositions,Celebic,Austronesian,,
mdg,Mundang,2,Prepositions,Adamawa,Niger-Congo,,
mun,Mundari,1,Postpositions,Munda,Austro-Asiatic,,
muu,Mundurukú,1,Postpositions,Munduruku,Tupian,,
mnz,Munzombo,2,Prepositions,Ubangi,Niger-Congo,,
mup,Mupun,2,Prepositions,West Chadic,Afro-Asiatic,,
mrl,Murle,4,No dominant order,Surmic,Eastern Sudanic,,
mpa,Murrinh-Patha,4,No dominant order,Murrinh-Patha,Southern Daly,,
mgu,Musgu,2,Prepositions,Biu-Mandara,Afro-Asiatic,,
msm,Musom,2,Prepositions,Oceanic,Austronesian,,
msq,Musqueam,2,Prepositions,Central Salish,Salishan,,
mus,Mussau,2,Prepositions,Oceanic,Austronesian,,
mwe,Mwera,5,No adpositions,Bantoid,Niger-Congo,,
nab,Nabak,1,Postpositions,Finisterre-Huon,Trans-New Guinea,,
nad,Nadëb,1,Postpositions,Nadahup,Nadahup,,
nze,Naga (Zeme),1,Postpositions,Kuki-Chin,Sino-Tibetan,,
nag,Nagatman,1,Postpositions,Yale,Yale,,
nhh,Nahuatl (Huasteca),2,Prepositions,Aztecan,Uto-Aztecan,,
nhm,Nahuatl (Michoacán),2,Prepositions,Aztecan,Uto-Aztecan,,
nht,Nahuatl (Tetelcingo),2,Prepositions,Aztecan,Uto-Aztecan,,
nak,Nakanai,2,Prepositions,Oceanic,Austronesian,,
nal,Nalik,2,Prepositions,Oceanic,Austronesian,,
nam,Namia,1,Postpositions,Yellow River,Sepik,,
nnc,Nancowry,2,Prepositions,Nicobarese,Austro-Asiatic,,
nde,Nande,2,Prepositions,Bantoid,Niger-Congo,,
nan,Nandi,2,Prepositions,Nilotic,Eastern Sudanic,,
nnk,Nankina,1,Postpositions,Finisterre-Huon,Trans-New Guinea,,
nph,Nar-Phu,1,Postpositions,Bodic,Sino-Tibetan,,
nar,Nara (in Ethiopia),1,Postpositions,Nara,Eastern Sudanic,,
nas,Nasioi,1,Postpositions,East Bougainville,East Bougainville,,
nat,Natchez,1,Postpositions,Natchez,Natchez,,
nav,Navajo,1,Postpositions,Athapaskan,Na-Dene,,
ncm,Ncàm,4,No dominant order,Gur,Niger-Congo,,
ndj,Ndjébbana,1,Postpositions,Ndjébbana,Mangrida,,
ndo,Ndonga,2,Prepositions,Bantoid,Niger-Congo,,
ndu,Ndumu,2,Prepositions,Bantoid,Niger-Congo,,
ndt,Ndut,2,Prepositions,Northern Atlantic,Niger-Congo,,
ndy,Ndyuka,2,Prepositions,Creoles and Pidgins,other,,
neh,Nehan,2,Prepositions,Oceanic,Austronesian,,
nnd,Nend,1,Postpositions,Madang,Trans-New Guinea,,
nen,Nenets,1,Postpositions,Samoyedic,Uralic,,
naj,Neo-Aramaic (Arbel Jewish),2,Prepositions,Semitic,Afro-Asiatic,,
nep,Nepali,1,Postpositions,Indic,Indo-European,,
nev,Nevome,1,Postpositions,Tepiman,Uto-Aztecan,,
nwd,Newar (Dolakha),1,Postpositions,Mahakiranti,Sino-Tibetan,,
new,Newari (Kathmandu),1,Postpositions,Mahakiranti,Sino-Tibetan,,
ntj,Ngaanyatjarra,1,Postpositions,Western Pama-Nyungan,Pama-Nyungan,,
ngd,Ngad'a,2,Prepositions,Central Malayo-Polynesian,Austronesian,,
ngl,Ngalakan,5,No adpositions,Ngalakan,Gunwinyguan,,
ngm,Ngambay,2,Prepositions,Bongo-Bagirmi,Central Sudanic,,
ngg,Ngan'gityemerri,1,Postpositions,Ngankikurungkurr,Southern Daly,,
ngk,Ngankikurungkurr,1,Postpositions,Ngankikurungkurr,Southern Daly,,
ngb,Ngbaka (Minagende),2,Prepositions,Gbaya-Manza-Ngbaka,Niger-Congo,,
ndi,Ngbandi,2,Prepositions,Ubangi,Niger-Congo,,
nti,Ngiti,1,Postpositions,Lendu,Central Sudanic,,
ngi,Ngiyambaa,5,No adpositions,Southeastern Pama-Nyungan,Pama-Nyungan,,
ngz,Ngizim,2,Prepositions,West Chadic,Afro-Asiatic,,
ngo,Ngoni,2,Prepositions,Bantoid,Niger-Congo,,
ngu,Nguna,2,Prepositions,Oceanic,Austronesian,,
nbr,Ngäbere,1,Postpositions,Guaymiic,Chibchan,,
nia,Nias,2,Prepositions,Northwest Sumatra-Barrier Islands,Austronesian,,
nca,Nicobarese (Car),2,Prepositions,Nicobarese,Austro-Asiatic,,
nsg,Nisgha,2,Prepositions,Tsimshianic,Penutian,,
nif,Niuafo'ou,2,Prepositions,Oceanic,Austronesian,,
niu,Niuean,2,Prepositions,Oceanic,Austronesian,,
niv,Nivkh,1,Postpositions,Nivkh,Nivkh,,
nkn,Nkonya,1,Postpositions,Kwa,Niger-Congo,,
nko,Nkore-Kiga,2,Prepositions,Bantoid,Niger-Congo,,
noc,Nocte,1,Postpositions,Northern Naga,Sino-Tibetan,,
non,Noni,4,No dominant order,Bantoid,Niger-Congo,,
noo,Noon,2,Prepositions,Northern Atlantic,Niger-Congo,,
nor,Norwegian,2,Prepositions,Germanic,Indo-European,,
nse,Nsenga,2,Prepositions,Bantoid,Niger-Congo,,
nua,Nuaulu,2,Prepositions,Central Malayo-Polynesian,Austronesian,,
nbd,Nubian (Dongolese),1,Postpositions,Nubian,Eastern Sudanic,,
nue,Nuer,2,Prepositions,Nilotic,Eastern Sudanic,,
nun,Nung (in Vietnam),2,Prepositions,Kam-Tai,Tai-Kadai,,
nug,Nunggubuyu,5,No adpositions,Nunggubuyu,Gunwinyguan,,
nup,Nupe,2,Prepositions,Nupoid,Niger-Congo,,
nyr,Nyangumarda,4,No dominant order,Western Pama-Nyungan,Pama-Nyungan,,
nyi,Nyimang,1,Postpositions,Nyimang,Eastern Sudanic,,
nis,Nyishi,1,Postpositions,Tani,Sino-Tibetan,,
nyu,Nyulnyul,3,Inpositions,Nyulnyulan,Nyulnyulan,,
nza,Nzakara,2,Prepositions,Ubangi,Niger-Congo,,
ood,O'odham,4,No dominant order,Tepiman,Uto-Aztecan,,
obo,Obolo,2,Prepositions,Cross River,Niger-Congo,,
ocu,Ocuilteco,2,Prepositions,Matlatzincan,Oto-Manguean,,
obg,Ogbronuagum,2,Prepositions,Cross River,Niger-Congo,,
oji,Ojibwa (Eastern),5,No adpositions,Algonquian,Algic,,
oks,Oksapmin,1,Postpositions,Oksapmin,Oksapmin,,
olo,Olo,2,Prepositions,Wapei-Palei,Torricelli,,
ond,Oneida,5,No adpositions,Northern Iroquoian,Iroquoian,,
ork,Orok,1,Postpositions,Tungusic,Altaic,,
oro,Orokaiva,1,Postpositions,Binanderean,Trans-New Guinea,,
orh,Oromo (Harar),1,Postpositions,Lowland East Cushitic,Afro-Asiatic,,
orw,Oromo (Waata),1,Postpositions,Lowland East Cushitic,Afro-Asiatic,,
ory,Orya,1,Postpositions,Orya,Tor-Orya,,
osa,Osage,1,Postpositions,Core Siouan,Siouan,,
oss,Ossetic,1,Postpositions,Iranian,Indo-European,,
otm,Otomí (Mezquital),2,Prepositions,Otomian,Oto-Manguean,,
owi,Owininga,1,Postpositions,Left May,Left May,,
paa,Pa'a,2,Prepositions,West Chadic,Afro-Asiatic,,
pms,Paamese,2,Prepositions,Oceanic,Austronesian,,
pno,Paiute (Northern),4,No dominant order,Numic,Uto-Aztecan,,
pai,Paiwan,2,Prepositions,Paiwan,Austronesian,,
pal,Palauan,2,Prepositions,Palauan,Austronesian,,
plg,Palaung,2,Prepositions,Palaung-Khmuic,Austro-Asiatic,,
plk,Palikur,2,Prepositions,Eastern Arawakan,Arawakan,,
pnx,Panará,1,Postpositions,Ge-Kaingang,Macro-Ge,,
pnn,Pangasinan,2,Prepositions,Northern Luzon,Austronesian,,
png,Pangwa,2,Prepositions,Bantoid,Niger-Congo,,
pan,Panjabi,1,Postpositions,Indic,Indo-European,,
pre,Pare,2,Prepositions,Bantoid,Niger-Congo,,
psh,Pashto,1,Postpositions,Iranian,Indo-European,,
psm,Passamaquoddy-Maliseet,2,Prepositions,Algonquian,Algic,,
pat,Patep,2,Prepositions,Oceanic,Austronesian,,
ptt,Pattani,1,Postpositions,Bodic,Sino-Tibetan,,
ptw,Patwin,1,Postpositions,Wintuan,Penutian,,
plh,Paulohi,2,Prepositions,Central Malayo-Polynesian,Austronesian,,
pau,Paumarí,1,Postpositions,Arauan,Arauan,,
paw,Pawaian,1,Postpositions,Pawaian,Teberan-Pawaian,,
per,Pero,2,Prepositions,West Chadic,Afro-Asiatic,,
prs,Persian,2,Prepositions,Iranian,Indo-European,,
pga,Pilagá,5,No adpositions,South Guaicuruan,Guaicuruan,,
pip,Pipil,2,Prepositions,Aztecan,Uto-Aztecan,,
prh,Pirahã,1,Postpositions,Mura,Mura,,
pis,Pisa,1,Postpositions,Awju-Dumut,Trans-New Guinea,,
pit,Pitjantjatjara,1,Postpositions,Western Pama-Nyungan,Pama-Nyungan,,
pod,Podoko,2,Prepositions,Biu-Mandara,Afro-Asiatic,,
pog,Pogoro,2,Prepositions,Bantoid,Niger-Congo,,
poh,Pohnpeian,2,Prepositions,Oceanic,Austronesian,,
pok,Poko-Rawo,4,No dominant order,Serra Hills,Skou,,
pkt,Pokot,2,Prepositions,Nilotic,Eastern Sudanic,,
pol,Polish,2,Prepositions,Slavic,Indo-European,,
pmn,Pomo (Northern),1,Postpositions,Pomoan,Hokan,,
pso,Pomo (Southeastern),1,Postpositions,Pomoan,Hokan,,
psw,Port Sandwich,2,Prepositions,Oceanic,Austronesian,,
por,Portuguese,2,Prepositions,Romance,Indo-European,,
pra,Prasuni,1,Postpositions,Nuristani,Indo-European,,
pul,Puluwat,2,Prepositions,Oceanic,Austronesian,,
pum,Pumi,1,Postpositions,Qiangic,Sino-Tibetan,,
pun,Pungupungu,1,Postpositions,Anson Bay,Anson Bay,,
puq,Puquina,1,Postpositions,Puquina,Puquina,,
prk,Purki,1,Postpositions,Bodic,Sino-Tibetan,,
pur,Purépecha,4,No dominant order,Tarascan,Tarascan,,
pae,Páez,1,Postpositions,Páezan,Páezan,,
par,Päri,2,Prepositions,Nilotic,Eastern Sudanic,,
qaf,Qafar,1,Postpositions,Lowland East Cushitic,Afro-Asiatic,,
qaw,Qawasqar,1,Postpositions,Alacalufan,Alacalufan,,
qia,Qiang,1,Postpositions,Qiangic,Sino-Tibetan,,
qhu,Quechua (Huallaga),1,Postpositions,Quechuan,Quechuan,,
qim,Quechua (Imbabura),1,Postpositions,Quechuan,Quechuan,,
rag,Raga,2,Prepositions,Oceanic,Austronesian,,
ram,Rama,1,Postpositions,Rama,Chibchan,,
rap,Rapanui,2,Prepositions,Oceanic,Austronesian,,
raw,Rawang,1,Postpositions,Nungish,Sino-Tibetan,,
rem,Remo,1,Postpositions,Munda,Austro-Asiatic,,
res,Resígaro,1,Postpositions,Inland Northern Arawakan,Arawakan,,
ret,Retuarã,1,Postpositions,Tucanoan,Tucanoan,,
rik,Rikbaktsa,1,Postpositions,Rikbaktsa,Macro-Ge,,
rwe,Romani (Welsh),2,Prepositions,Indic,Indo-European,,
rom,Romanian,2,Prepositions,Romance,Indo-European,,
rga,Ronga,2,Prepositions,Bantoid,Niger-Congo,,
rot,Rotuman,2,Prepositions,Oceanic,Austronesian,,
ruk,Rukai (Tanan),2,Prepositions,Rukai,Austronesian,,
rum,Rumu,1,Postpositions,Turama-Kikorian,Turama-Kikorian,,
run,Runga,1,Postpositions,Maban,Maban,,
rny,Runyankore,2,Prepositions,Bantoid,Niger-Congo,,
rus,Russian,2,Prepositions,Slavic,Indo-European,,
rut,Rutul,1,Postpositions,Lezgic,Nakh-Daghestanian,,
saa,Sa'a,2,Prepositions,Oceanic,Austronesian,,
sno,Saami (Northern),1,Postpositions,Saami,Uralic,,
sah,Sahu,2,Prepositions,North Halmaheran,West Papuan,,
sak,Sakao,2,Prepositions,Oceanic,Austronesian,,
slb,Saliba (in Papua New Guinea),1,Postpositions,Oceanic,Austronesian,,
sal,Salinan,2,Prepositions,Salinan,Salinan,,
syu,Salt-Yui,1,Postpositions,Chimbu,Trans-New Guinea,,
sle,Samba Leko,1,Postpositions,Adamawa,Niger-Congo,,
sam,Samoan,2,Prepositions,Oceanic,Austronesian,,
sdw,Sandawe,1,Postpositions,Sandawe,Sandawe,,
san,Sango,2,Prepositions,Ubangi,Niger-Congo,,
sta,Santa,1,Postpositions,Mongolic,Altaic,,
stl,Santali,1,Postpositions,Munda,Austro-Asiatic,,
snm,Sanuma,1,Postpositions,Yanomam,Yanomam,,
src,Sarcee,1,Postpositions,Athapaskan,Na-Dene,,
sar,Sare,1,Postpositions,Sepik Hill,Sepik,,
sav,Savi,1,Postpositions,Indic,Indo-European,,
svs,Savosavo,1,Postpositions,Savosavo,Solomons East Papuan,,
seb,Sebei,2,Prepositions,Nilotic,Eastern Sudanic,,
sed,Sedang,2,Prepositions,Bahnaric,Austro-Asiatic,,
slp,Selepet,1,Postpositions,Finisterre-Huon,Trans-New Guinea,,
sel,Selknam,1,Postpositions,Chon Proper,Chon,,
sem,Sema,1,Postpositions,Kuki-Chin,Sino-Tibetan,,
sme,Seme,1,Postpositions,Kru,Niger-Congo,,
sml,Semelai,2,Prepositions,Aslian,Austro-Asiatic,,
smn,Seminole,1,Postpositions,Muskogean,Muskogean,,
sen,Sena,2,Prepositions,Bantoid,Niger-Congo,,
sgl,Sengele,2,Prepositions,Bantoid,Niger-Congo,,
snt,Sentani,1,Postpositions,Sentani,Sentani,,
scr,Serbian-Croatian,2,Prepositions,Slavic,Indo-European,,
ser,Seri,1,Postpositions,Seri,Hokan,,
ses,Sesotho,2,Prepositions,Bantoid,Niger-Congo,,
shb,Shabo,1,Postpositions,Shabo,Shabo,,
shh,Sharanahua,1,Postpositions,Panoan,Panoan,,
skw,Shekhawati,1,Postpositions,Indic,Indo-European,,
she,Sherpa,1,Postpositions,Bodic,Sino-Tibetan,,
shl,Shilluk,2,Prepositions,Nilotic,Eastern Sudanic,,
sna,Shina,1,Postpositions,Indic,Indo-European,,
shk,Shipibo-Konibo,1,Postpositions,Panoan,Panoan,,
shy,Shira Yughur,1,Postpositions,Mongolic,Altaic,,
shi,Shiriana,1,Postpositions,Yanomam,Yanomam,,
shn,Shona,2,Prepositions,Bantoid,Niger-Congo,,
ryu,Shuri,1,Postpositions,Japanese,Japanese,,
shu,Shuswap,2,Prepositions,Interior Salish,Salishan,,
sir,Siar,2,Prepositions,Oceanic,Austronesian,,
sid,Sidaama,1,Postpositions,Highland East Cushitic,Afro-Asiatic,,
skk,Sikkimese,1,Postpositions,Bodic,Sino-Tibetan,,
skn,Sikuani,1,Postpositions,Guahiban,Guahiban,,
sim,Simeulue,2,Prepositions,Northwest Sumatra-Barrier Islands,Austronesian,,
sng,Sinaugoro,1,Postpositions,Oceanic,Austronesian,,
snh,Sinhala,1,Postpositions,Indic,Indo-European,,
sio,Sio,2,Prepositions,Oceanic,Austronesian,,
qum,Sipakapense,2,Prepositions,Mayan,Mayan,,
srn,Sirionó,1,Postpositions,Tupi-Guaraní,Tupian,,
sro,Siroi,1,Postpositions,Madang,Trans-New Guinea,,
sis,Sisiqa,2,Prepositions,Oceanic,Austronesian,,
siu,Siuslaw,5,No adpositions,Siuslawan,Oregon Coast,,
sko,Skou,1,Postpositions,Western Skou,Skou,,
sla,Slave,1,Postpositions,Athapaskan,Na-Dene,,
slo,Slovene,2,Prepositions,Slavic,Indo-European,,
so,So,2,Prepositions,Kuliak,Eastern Sudanic,,
sob,Sobei,2,Prepositions,Oceanic,Austronesian,,
sod,Soddo,4,No dominant order,Semitic,Afro-Asiatic,,
som,Somali,4,No dominant order,Lowland East Cushitic,Afro-Asiatic,,
sge,Songe,2,Prepositions,Bantoid,Niger-Congo,,
son,Sonsorol-Tobi,2,Prepositions,Oceanic,Austronesian,,
sor,Sora,1,Postpositions,Munda,Austro-Asiatic,,
srb,Sorbian,2,Prepositions,Slavic,Indo-European,,
sgb,Sougb,2,Prepositions,East Bird's Head,East Bird's Head,,
spa,Spanish,2,Prepositions,Romance,Indo-European,,
squ,Squamish,2,Prepositions,Central Salish,Salishan,,
sre,Sre,2,Prepositions,Bahnaric,Austro-Asiatic,,
sti,Stieng,2,Prepositions,Bahnaric,Austro-Asiatic,,
sue,Suena,1,Postpositions,Binanderean,Trans-New Guinea,,
sul,Sulka,2,Prepositions,Sulka,Sulka,,
sun,Sundanese,2,Prepositions,Malayo-Sumbawan,Austronesian,,
sup,Supyire,1,Postpositions,Gur,Niger-Congo,,
sus,Susu,1,Postpositions,Western Mande,Mande,,
swa,Swahili,2,Prepositions,Bantoid,Niger-Congo,,
swe,Swedish,2,Prepositions,Germanic,Indo-European,,
sba,Sáliba (in Colombia),1,Postpositions,Sáliba,Sáliban,,
tab,Taba,2,Prepositions,South Halmahera - West New Guinea,Austronesian,,
tbl,Tabla,1,Postpositions,Sentani,Sentani,,
tbw,Tabwa,2,Prepositions,Bantoid,Niger-Congo,,
tac,Tacana,1,Postpositions,Tacanan,Tacanan,,
tah,Tahitian,2,Prepositions,Oceanic,Austronesian,,
taj,Tajik,2,Prepositions,Iranian,Indo-European,,
tkl,Takelma,1,Postpositions,Takelma,Takelma,,
tak,Takia,1,Postpositions,Oceanic,Austronesian,,
tal,Talinga,2,Prepositions,Bantoid,Niger-Congo,,
tls,Talysh (Southern),1,Postpositions,Iranian,Indo-European,,
tam,Tamang (Eastern),1,Postpositions,Bodic,Sino-Tibetan,,
tsk,Tamashek,2,Prepositions,Berber,Afro-Asiatic,,
tml,Tamil,1,Postpositions,Southern Dravidian,Dravidian,,
tnc,Tanacross,1,Postpositions,Athapaskan,Na-Dene,,
tbx,Tangbe,1,Postpositions,Bodic,Sino-Tibetan,,
tpt,Tapieté,2,Prepositions,Tupi-Guaraní,Tupian,,
tce,Tarahumara (Central),1,Postpositions,Tarahumaran,Uto-Aztecan,,
twe,Tarahumara (Western),4,No dominant order,Tarahumaran,Uto-Aztecan,,
tar,Tariana,1,Postpositions,Inland Northern Arawakan,Arawakan,,
tsm,Tasmanian,1,Postpositions,Tasmanian,Tasmanian,,
tvo,Tatar,1,Postpositions,Turkic,Altaic,,
tts,Tati (Southern),1,Postpositions,Iranian,Indo-European,,
tsr,Taushiro,1,Postpositions,Taushiro,Taushiro,,
tsg,Tausug,2,Prepositions,Greater Central Philippine,Austronesian,,
tau,Tauya,1,Postpositions,Madang,Trans-New Guinea,,
taw,Tawala,4,No dominant order,Oceanic,Austronesian,,
tbo,Tboli,2,Prepositions,Bilic,Austronesian,,
tlf,Telefol,1,Postpositions,Ok,Trans-New Guinea,,
tel,Telugu,1,Postpositions,South-Central Dravidian,Dravidian,,
tmr,Temiar,2,Prepositions,Aslian,Austro-Asiatic,,
tne,Temne,2,Prepositions,Mel,Niger-Congo,,
ten,Tennet,4,No dominant order,Surmic,Eastern Sudanic,,
tny,Tenyer,1,Postpositions,Gur,Niger-Congo,,
teo,Teop,2,Prepositions,Oceanic,Austronesian,,
tee,Tepehua (Huehuetla),2,Prepositions,Totonacan,Totonacan,,
tep,Tepehua (Tlachichilco),2,Prepositions,Totonacan,Totonacan,,
tpn,Tepehuan (Northern),1,Postpositions,Tepiman,Uto-Aztecan,,
tps,Tepehuan (Southeastern),1,Postpositions,Tepiman,Uto-Aztecan,,
ter,Tera,2,Prepositions,Biu-Mandara,Afro-Asiatic,,
trb,Teribe,1,Postpositions,Talamanca,Chibchan,,
trt,Ternate,2,Prepositions,North Halmaheran,West Papuan,,
tes,Teso,2,Prepositions,Nilotic,Eastern Sudanic,,
tet,Tetela,2,Prepositions,Bantoid,Niger-Congo,,
ttn,Tetun,2,Prepositions,Central Malayo-Polynesian,Austronesian,,
ttd,Tetun Dili,2,Prepositions,Central Malayo-Polynesian,Austronesian,,
thd,Thadou,1,Postpositions,Kuki-Chin,Sino-Tibetan,,
tha,Thai,2,Prepositions,Kam-Tai,Tai-Kadai,,
thn,Thangmi,1,Postpositions,Mahakiranti,Sino-Tibetan,,
tho,Thompson,2,Prepositions,Interior Salish,Salishan,,
thu,Thulung,1,Postpositions,Mahakiranti,Sino-Tibetan,,
tmo,Tibetan (Modern Literary),1,Postpositions,Bodic,Sino-Tibetan,,
tid,Tidore,2,Prepositions,North Halmaheran,West Papuan,,
tgk,Tigak,2,Prepositions,Oceanic,Austronesian,,
tig,Tigrinya,2,Prepositions,Semitic,Afro-Asiatic,,
tgr,Tigré,2,Prepositions,Semitic,Afro-Asiatic,,
tja,Tiipay (Jamul),1,Postpositions,Yuman,Hokan,,
tim,Timugon,2,Prepositions,North Borneo,Austronesian,,
tin,Tinrin,2,Prepositions,Oceanic,Austronesian,,
tir,Tiriyo,1,Postpositions,Cariban,Cariban,,
trm,Tirmaga,1,Postpositions,Surmic,Eastern Sudanic,,
tiv,Tiv,2,Prepositions,Bantoid,Niger-Congo,,
tiw,Tiwi,2,Prepositions,Tiwian,Tiwian,,
tlp,Tlapanec,2,Prepositions,Subtiaba-Tlapanec,Oto-Manguean,,
tli,Tlingit,1,Postpositions,Tlingit,Na-Dene,,
tbt,Tobati,1,Postpositions,Oceanic,Austronesian,,
tlo,Tobelo,2,Prepositions,North Halmaheran,West Papuan,,
tke,Tokelauan,2,Prepositions,Oceanic,Austronesian,,
tla,Tolai,2,Prepositions,Oceanic,Austronesian,,
tno,Tondano,2,Prepositions,Minahasan,Austronesian,,
tng,Tongan,2,Prepositions,Oceanic,Austronesian,,
ton,Tonkawa,1,Postpositions,Tonkawa,Tonkawa,,
trw,Torwali,1,Postpositions,Indic,Indo-European,,
txj,Totonac (Xicotepec de Juárez),2,Prepositions,Totonacan,Totonacan,,
tou,Toussian,1,Postpositions,Gur,Niger-Congo,,
tri,Trique (Copala),2,Prepositions,Mixtecan,Oto-Manguean,,
tru,Trumai,1,Postpositions,Trumai,Trumai,,
tsf,Tsafiki,1,Postpositions,Barbacoan,Barbacoan,,
tsz,Tsez,1,Postpositions,Avar-Andic-Tsezic,Nakh-Daghestanian,,
tgl,Tshangla,1,Postpositions,Bodic,Sino-Tibetan,,
tsi,Tsimshian (Coast),2,Prepositions,Tsimshianic,Penutian,,
tgo,Tsogo,2,Prepositions,Bantoid,Niger-Congo,,
ttu,Tsova-Tush,1,Postpositions,Nakh,Nakh-Daghestanian,,
tai,Tuareg (Air),2,Prepositions,Berber,Afro-Asiatic,,
tgh,Tuareg (Ghat),2,Prepositions,Berber,Afro-Asiatic,,
tbu,Tubu,1,Postpositions,Western Saharan,Saharan,,
tuc,Tucano,1,Postpositions,Tucanoan,Tucanoan,,
tuk,Tukang Besi,2,Prepositions,Celebic,Austronesian,,
tul,Tulu,1,Postpositions,Southern Dravidian,Dravidian,,
tnn,Tunen,4,No dominant order,Bantoid,Niger-Congo,,
tnk,Tungak,2,Prepositions,Oceanic,Austronesian,,
tun,Tunica,1,Postpositions,Tunica,Tunica,,
tpr,Tupuri,2,Prepositions,Adamawa,Niger-Congo,,
tna,Turkana,2,Prepositions,Nilotic,Eastern Sudanic,,
tur,Turkish,1,Postpositions,Turkic,Altaic,,
tkm,Turkmen,1,Postpositions,Turkic,Altaic,,
tte,Tutelo,1,Postpositions,Core Siouan,Siouan,,
tvt,Tutsa,1,Postpositions,Northern Naga,Sino-Tibetan,,
tvl,Tuvaluan,2,Prepositions,Oceanic,Austronesian,,
tuv,Tuvan,1,Postpositions,Turkic,Altaic,,
tuy,Tuyuca,1,Postpositions,Tucanoan,Tucanoan,,
tzo,Tzotzil,2,Prepositions,Mayan,Mayan,,
tzu,Tzutujil,2,Prepositions,Mayan,Mayan,,
tsh,Tümpisa Shoshone,3,Inpositions,Numic,Uto-Aztecan,,
uby,Ubykh,1,Postpositions,Northwest Caucasian,Northwest Caucasian,,
udh,Udihe,1,Postpositions,Tungusic,Altaic,,
udm,Udmurt,1,Postpositions,Permic,Uralic,,
ukr,Ukrainian,2,Prepositions,Slavic,Indo-European,,
uld,Uldeme,2,Prepositions,Biu-Mandara,Afro-Asiatic,,
uli,Ulithian,2,Prepositions,Oceanic,Austronesian,,
una,Una,1,Postpositions,Mek,Trans-New Guinea,,
ung,Ungarinjin,1,Postpositions,Worrorran,Worrorran,,
url,Urak Lawoi',2,Prepositions,Malayo-Sumbawan,Austronesian,,
urn,Urarina,1,Postpositions,Urarina,Urarina,,
urd,Urdu,1,Postpositions,Indic,Indo-European,,
urk,Urubú-Kaapor,1,Postpositions,Tupi-Guaraní,Tupian,,
usa,Usan,1,Postpositions,Madang,Trans-New Guinea,,
ute,Ute,1,Postpositions,Numic,Uto-Aztecan,,
vaf,Vafsi,4,No dominant order,Iranian,Indo-European,,
vai,Vai,1,Postpositions,Western Mande,Mande,,
vie,Vietnamese,2,Prepositions,Viet-Muong,Austro-Asiatic,,
vif,Vili,2,Prepositions,Bantoid,Niger-Congo,,
vnm,Vinmavis,2,Prepositions,Oceanic,Austronesian,,
vot,Votic,4,No dominant order,Finnic,Uralic,,
wah,Wahgi,1,Postpositions,Chimbu,Trans-New Guinea,,
wai,Wai Wai,1,Postpositions,Cariban,Cariban,,
wak,Wakhi,4,No dominant order,Iranian,Indo-European,,
wal,Walman,1,Postpositions,Wapei-Palei,Torricelli,,
wbn,Wambon,1,Postpositions,Awju-Dumut,Trans-New Guinea,,
wme,Wambule,1,Postpositions,Mahakiranti,Sino-Tibetan,,
wna,Wan,1,Postpositions,Eastern Mande,Mande,,
wao,Waorani,1,Postpositions,Waorani,Waorani,,
wra,Warao,1,Postpositions,Warao,Warao,,
wry,Waray (in Australia),1,Postpositions,Warayic,Gunwinyguan,,
wrd,Wardaman,1,Postpositions,Yangmanic,Yangmanic,,
wrk,Warekena,2,Prepositions,Inland Northern Arawakan,Arawakan,,
wrm,Warembori,2,Prepositions,South Halmahera - West New Guinea,Austronesian,,
war,Wari',2,Prepositions,Chapacura-Wanham,Chapacura-Wanham,,
wrw,Warrwa,3,Inpositions,Nyulnyulan,Nyulnyulan,,
was,Washo,1,Postpositions,Washo,Washo,,
wsk,Waskia,1,Postpositions,Madang,Trans-New Guinea,,
wtm,Watam,1,Postpositions,Lower Ramu,Lower Sepik-Ramu,,
wat,Watjarri,1,Postpositions,Western Pama-Nyungan,Pama-Nyungan,,
way,Wayampi,1,Postpositions,Tupi-Guaraní,Tupian,,
wed,Wedau,4,No dominant order,Oceanic,Austronesian,,
wel,Welsh,2,Prepositions,Celtic,Indo-European,,
wem,Wembawemba,4,No dominant order,Southeastern Pama-Nyungan,Pama-Nyungan,,
wma,West Makian,2,Prepositions,North Halmaheran,West Papuan,,
wic,Wichita,5,No adpositions,Caddoan,Caddoan,,
wch,Wichí,2,Prepositions,Matacoan,Matacoan,,
wir,Wirangu,1,Postpositions,Central Pama-Nyungan,Pama-Nyungan,,
wiy,Wiyot,4,No dominant order,Wiyot,Algic,,
woi,Woisika,4,No dominant order,Greater Alor,Timor-Alor-Pantar,,
wol,Woleaian,2,Prepositions,Oceanic,Austronesian,,
wlo,Wolio,2,Prepositions,Celebic,Austronesian,,
wlf,Wolof,2,Prepositions,Northern Atlantic,Niger-Congo,,
wor,Worora,1,Postpositions,Worrorran,Worrorran,,
xas,Xasonga,1,Postpositions,Western Mande,Mande,,
xav,Xavánte,1,Postpositions,Ge-Kaingang,Macro-Ge,,
xho,Xhosa,2,Prepositions,Bantoid,Niger-Congo,,
xar,Xârâcùù,2,Prepositions,Oceanic,Austronesian,,
ygr,Yagaria,1,Postpositions,Eastern Highlands,Trans-New Guinea,,
yag,Yagua,1,Postpositions,Peba-Yaguan,Peba-Yaguan,,
yah,Yahgan,1,Postpositions,Yámana,Yámana,,
ykt,Yakut,1,Postpositions,Turkic,Altaic,,
yal,Yale (Kosarek),1,Postpositions,Mek,Trans-New Guinea,,
yap,Yapese,2,Prepositions,Yapese,Austronesian,,
yqy,Yaqay,1,Postpositions,Marind Proper,Marind,,
yaq,Yaqui,1,Postpositions,Cahita,Uto-Aztecan,,
yar,Yareba,1,Postpositions,Yareban,Yareban,,
ywr,Yawuru,3,Inpositions,Nyulnyulan,Nyulnyulan,,
yei,Yei,1,Postpositions,Morehead and Upper Maro Rivers,Morehead and Upper Maro Rivers,,
ylm,Yelmek,1,Postpositions,Bulaka River,Bulaka River,,
yel,Yelî Dnye,1,Postpositions,Yele,Yele,,
yi,Yi,1,Postpositions,Burmese-Lolo,Sino-Tibetan,,
yid,Yidiny,5,No adpositions,Northern Pama-Nyungan,Pama-Nyungan,,
yim,Yimas,1,Postpositions,Lower Sepik,Lower Sepik-Ramu,,
yin,Yindjibarndi,4,No dominant order,Western Pama-Nyungan,Pama-Nyungan,,
yok,Yokuts (Yaudanchi),2,Prepositions,Yokuts,Penutian,,
yor,Yoruba,2,Prepositions,Defoid,Niger-Congo,,
yuc,Yuchi,1,Postpositions,Yuchi,Yuchi,,
ycn,Yucuna,1,Postpositions,Inland Northern Arawakan,Arawakan,,
yko,Yukaghir (Kolyma),1,Postpositions,Yukaghir,Yukaghir,,
ytu,Yukaghir (Tundra),1,Postpositions,Yukaghir,Yukaghir,,
yul,Yulu,2,Prepositions,Bongo-Bagirmi,Central Sudanic,,
yur,Yurok,4,No dominant order,Yurok,Algic,,
yuw,Yuwaalaraay,5,No adpositions,Southeastern Pama-Nyungan,Pama-Nyungan,,
zan,Zande,2,Prepositions,Ubangi,Niger-Congo,,
zai,Zapotec (Isthmus),2,Prepositions,Zapotecan,Oto-Manguean,,
zap,Zapotec (Mitla),2,Prepositions,Zapotecan,Oto-Manguean,,
zya,Zapotec (Yatzachi),2,Prepositions,Zapotecan,Oto-Manguean,,
zar,Zarma,1,Postpositions,Songhay,Songhay,,
zaz,Zazaki,1,Postpositions,Iranian,Indo-European,,
zen,Zenaga,2,Prepositions,Berber,Afro-Asiatic,,
zhn,Zhuang (Northern),2,Prepositions,Kam-Tai,Tai-Kadai,,
zch,Zoque (Chimalapa),1,Postpositions,Mixe-Zoque,Mixe-Zoque,,
zqc,Zoque (Copainalá),5,No adpositions,Mixe-Zoque,Mixe-Zoque,,
zqs,Zoque (Soteapan),2,Prepositions,Mixe-Zoque,Mixe-Zoque,,
zul,Zulu,2,Prepositions,Bantoid,Niger-Congo,,
zun,Zuni,1,Postpositions,Zuni,Zuni,,
eme,Émérillon,1,Postpositions,Tupi-Guaraní,Tupian,,
omi,Ömie,1,Postpositions,Koiarian,Trans-New Guinea,,
